term,log_odds,odds_ratio
(Intercept),0.9112500213809083,2.487429931420989
z_frugivory,0.3721568037496255,1.4508604638185463
z_luv_arb,2.0067251380418067,7.438915990602096
z_lifetime,0.2927589476114586,1.3401197124362705
